{"assets/app_icons/classic.png":["assets/app_icons/classic.png"],"assets/app_icons/classic_outline.png":["assets/app_icons/classic_outline.png"],"assets/app_icons/moon_sun.png":["assets/app_icons/moon_sun.png"],"assets/app_icons/moon_sun_outline.png":["assets/app_icons/moon_sun_outline.png"],"assets/weather_icons/cloud-wind.svg":["assets/weather_icons/cloud-wind.svg"],"assets/weather_icons/cloud.svg":["assets/weather_icons/cloud.svg"],"assets/weather_icons/drizzle.svg":["assets/weather_icons/drizzle.svg"],"assets/weather_icons/fog.svg":["assets/weather_icons/fog.svg"],"assets/weather_icons/lightning-rain.svg":["assets/weather_icons/lightning-rain.svg"],"assets/weather_icons/moon.svg":["assets/weather_icons/moon.svg"],"assets/weather_icons/rain.svg":["assets/weather_icons/rain.svg"],"assets/weather_icons/snow.svg":["assets/weather_icons/snow.svg"],"assets/weather_icons/sun.svg":["assets/weather_icons/sun.svg"],"assets/weather_icons/sunrise.svg":["assets/weather_icons/sunrise.svg"],"assets/weather_icons/sunset.svg":["assets/weather_icons/sunset.svg"],"assets/weather_icons/wind.svg":["assets/weather_icons/wind.svg"],"packages/cupertino_icons/assets/CupertinoIcons.ttf":["packages/cupertino_icons/assets/CupertinoIcons.ttf"]}